﻿Designator,Footprint,Quantity,Value,LCSC Part #
"C1, C2",1206,2,2.2uF,
"C10, C6, C8, C9",1206,4,10uF,
C11,1206,1,1uF,
C12,1206,1,150nF,
"C13, C14, C19, C3, C4",1206,5,0.1uF,
C15,1206,1,470nF,
C16,1206,1,10nF,
C17,1206,1,C,
C18,1206,1,1nF,
"C5, C7",1206,2,22uF,
D1,SODFL3518X115N,1,MBR230S1F-7,
"D2, D3, D6",SODFL3816X120N,3,1N4148W,
"D4, D5, D7",SODFL3818X130N,3,1N4007W-T,
D8,SOT95P230X117-3N,1,CDSOT23-SM712,
IC1,SOP50P490X110-10N,1,DAC7562SDGSR,
IC2,SOP65P490X110-8N,1,SN65HVD75DGKR,
IC3,SOT95P280X110-6N,1,LMR51420XFDDCR,
"J1, J2",HDRV20W64P0X254_1X20_5080X249X886P,2,PH1-20-UA,
"J10, J11, J12, J5, J9",TB00750802BE,5,TB007-508-02BE,
J13,398800303,1,39880-0303,
"J14, J3, J4, J7",TB00650803BE,4,TB006-508-03BE,
L1,INDPM7070X480N,1,22uH,
"L2, L3",INDC3225X120N,2,4.7uH,
L4,LQM31PN1R0M00L,1,1uH,
PS1,SOT95P280X110-6N,1,LMR51420YFDDCR,
"Q1, Q2, Q3",SOT-23-3_L2.9-W1.3-P1.90-LS2.4-BR,3,2N7002,C8545
Q4,SOT-23-3_L2.9-W1.3-P1.90-LS2.4-BR,1,MMBT2907ALT1G,C40752
Q5,SOT-223-4_L6.5-W3.5-P2.30-LS7.0-BR,1,BSP171PH6327XTSA1,C151492
"R1, R20, R3",1206,3,100k,
"R10, R16, R17, R21, R26, R33, R34, R6, R7, R9",1206,10,10k,
"R11, R12, R18",1206,3,20k,
"R13, R14, R19",1206,3,3.3k,
"R15, R5, R8",1206,3,330,
R2,1206,1,5.23k,
R22,1206,1,56k,
R23,1206,1,24k,
R24,1206,1,30k,
R25,1206,1,1.25k,
R27,1206,1,0R,
R28,1206,1,250R,
R29,1206,1,22k,
R30,1206,1,33k,
"R31, R32",1206,2,15,
R35,1206,1,120R,
R4,1206,1,13.7k,
"RLY1, RLY2, RLY3",RELAY-TH_G5NB-1A-E-DCXX,3,G5NB-1A-E-DC12,C225714
TP1,TestPoint_THTPad_2.0x2.0mm_Drill1.0mm,1,TP_+12V,
TP10,TestPoint_THTPad_2.0x2.0mm_Drill1.0mm,1,TP_AI_0-10V,
TP11,TestPoint_THTPad_2.0x2.0mm_Drill1.0mm,1,TP_ADC1,
"TP2, TP4, TP6, TP7",TestPoint_THTPad_D2.0mm_Drill1.0mm,4,GND_TP,
TP3,TestPoint_THTPad_2.0x2.0mm_Drill1.0mm,1,TP_+5V,
TP5,TestPoint_THTPad_2.0x2.0mm_Drill1.0mm,1,TP_+24V,
TP8,TestPoint_THTPad_2.0x2.0mm_Drill1.0mm,1,TP_AO_0-10V,
TP9,TestPoint_THTPad_2.0x2.0mm_Drill1.0mm,1,TP_ADC0,
U1,RPi_Pico_SMD_TH,1,Pico,
"U10, U12, U4, U5, U8, U9",01110501Z,6,FUSE_C,
"U11, U6, U7",SMD-4_L4.6-W6.5-P2.54-LS10.2-BL,3,LTV-814S-TA1,C125118
"U13, U14",SOT-23-5_L3.0-W1.7-P0.95-LS2.8-BR,2,TLV9301IDBVR,C2867945
U15,MSOP-10_L3.0-W3.0-P0.50-LS5.0-BL-EP,1,XTR111AIDGQR,C26350
