﻿Designator,Footprint,Quantity,Value,LCSC Part #
"D2, D3",SOD-123_L2.8-W1.8-LS3.7-RD,2,1N4148W T4,C2099
"Q1, Q2",SOT-23-3_L2.9-W1.3-P1.90-LS2.4-BR,2,2N7002,C8545
Q3,SOT-23-3_L2.9-W1.3-P1.90-LS2.4-BR,1,MMBT2907ALT1G,C40752
Q4,SOT-223-4_L6.5-W3.5-P2.30-LS7.0-BR,1,BSP171PH6327XTSA1,C151492
"RLY1, RLY2",RELAY-TH_G5NB-1A-E-DCXX,2,G5NB-1A-E-DC12,C225714
U1,TSOT-23-6_L2.9-W1.6-P0.95-LS2.8-BR,1,LMR51420XFDDCR,C5752071
"U10, U11",SMD-4_L4.6-W6.5-P2.54-LS10.2-BL,2,LTV-814S-TA1,C125118
"U12, U13, U14, U18, U20, U21, U23, U3, U4, U5, U6, U7, U8",CONN-TH_P5.00_KF301-5.0-2P,13,KF301-5.0-2P,C474881
U15,VSSOP-10_L3.0-W3.0-P0.50-LS4.9-BL,1,DAC8562SDGSR,C127965
"U16, U17",SOT-23-5_L3.0-W1.7-P0.95-LS2.8-BR,2,TLV9301IDBVR,C2867945
U19,MSOP-10_L3.0-W3.0-P0.50-LS5.0-BL-EP,1,XTR111AIDGQR,C26350
U2,SOT-23-6_L2.9-W1.6-P0.95-LS2.8-BL,1,LMR51420YFDDCR,C7296200
U22,SO-8_L4.9-W3.9-P1.27-LS5.9-BL,1,MAX3485AEASA+T,C94609
U9,RPi_Pico_SMD_TH,1,Pico,
